{
  "dataset": "test",
  "n_samples": 1006,
  "accuracy": 0.49801192842942343,
  "f1_macro": 0.43715813620263544,
  "ar_score": 0.7964810423300042
}